fstvlNm,fstvlStartDate,fstvlEndDate,rdnmadr,lnmadr,addr,latitude,longitude
개화산 해맞이축제,2023-01-01,2023-01-01,,서울특별시 강서구 개화동 산 91-4,서울특별시 강서구 개화동 산,37.5828701,126.8087409
제23회 서귀포 겨울바다 국제펭귄수영대회,2023-01-01,2023-01-01,,제주특별자치도 서귀포시 색달동 3304-1,제주특별자치도 서귀포시 색달동 3304-1,33.2452769,126.4084128
2023 해운대카운트다운&해맞이축제,2023-01-01,2023-01-01,부산광역시 해운대구 중동2로 11,부산광역시 해운대구 중동 1378-95,부산광역시 해운대구 중동2로 11,35.1629739,129.1637236
해맞이행사,2023-01-01,2023-01-01,,대구광역시 동구 효목동 212-2,대구광역시 동구 효목동 212-2,35.8845456,128.6457326
응봉산 해맞이 축제,2023-01-01,2023-01-01,,서울특별시 성동구 금호동4가 1540,서울특별시 성동구 금호동4가 1540,37.5470795,127.0285853
대왕암 해맞이 축제,2023-01-01,2023-01-01,,울산광역시 동구 일산동 산907,울산광역시 동구 일산동 산907,35.4969464,129.4330583
휴애리 유채꽃 축제,2023-01-01,2023-03-31,제주특별자치도 서귀포시 남원읍 신례동로 256,,제주특별자치도 서귀포시 남원읍 신례동로,33.3000025,126.635697
해맞이 행사,2023-01-01,2023-01-01,,대구광역시 북구 침산동 1643-45,대구광역시 북구 침산동 1643-45,35.8911423,128.5828103
태백산 눈축제,2023-01-01,2023-01-01,강원도 태백시 장성1길 171,강원도 태백시장성동 169-1,강원도 태백시 장성1길 171,37.100542,129.0082994
윈 인 윙스,2023-01-06,2023-01-18,서울특별시 종로구 자하문로 53,,서울특별시 종로구 자하문로 53,37.5806563,126.970891
대관령눈꽃축제,2023-01-13,2023-01-22,강원도 평창군 대관령면 사부랑길224-2,강원도 평창군 대관령면 횡계리 661,강원도 평창군 대관령면 사부랑길224-2,37.7047918,128.7018295
한림공원 수선화축제,2023-01-21,2023-02-19,제주특별자치도 제주시 한림읍 한림로 300,,제주특별자치도 제주시 한림읍 한림로,33.4007497,126.2436908
전통산사문화재,2023-02-01,2023-12-31,광주광역시 북구 무등로 1514-35,광주광역시 북구 금곡동 846,광주광역시 북구 무등로 1514-35,35.1484635,126.985595
탐라국입춘굿,2023-02-02,2023-02-04,제주특별자치도 제주시 관덕로 19,,제주특별자치도 제주시 관덕로 19,33.5133704,126.5214334
탐라국 입춘굿,2023-02-02,2023-02-04,제주특별자치도 제주시 관덕로 19,,제주특별자치도 제주시 관덕로 19,33.5133704,126.5214334
Mumbling after Silence,2023-02-03,2023-02-14,서울특별시 종로구 자하문로 53,,서울특별시 종로구 자하문로 53,37.5806563,126.970891
삼척정월대보름제,2023-02-03,2023-02-05,강원도 강원도 삼척시청 엑스포로 45,강원도 강원도 삼척시청 성남동 1-5,강원도 강원도 삼척시청 엑스포로,37.4367707,129.1549656
제38회 해운대 달맞이온천축제,2023-02-03,2023-02-05,부산광역시 해운대구 중동2로 11,부산광역시 해운대구 중동 1378-95,부산광역시 해운대구 중동2로 11,35.1629739,129.1637236
금호강 정월대보름축제,2023-02-05,2023-02-05,,대구광역시 북구 산격동 1477-1,대구광역시 북구 산격동 1477-1,35.9087206,128.6015099
제20회 사상전통달집놀이,2023-02-05,2023-02-05,부산광역시 사상구 낙동대로 1310번길 19(삼락동),,부산광역시 사상구 낙동대로 1310번길,35.176769,128.9782282
정월대보름 달집태우기 행사,2023-02-05,2023-02-05,대구광역시 동구 금호강변로,,대구광역시 동구 금호강변로,35.8631522,128.7047223
한림공원 매화축제,2023-02-11,2023-03-12,제주특별자치도 제주시 한림읍 한림로 300,,제주특별자치도 제주시 한림읍 한림로,33.4007497,126.2436908
강진청자축제,2023-02-23,2023-03-01,전라남도 강진군 대구면 청자촌길 33,전라남도 강진군 대구면 사당리 127,전라남도 강진군 대구면 청자촌길,34.5076231,126.8029502
휴애리 매화축제,2023-02-24,2023-03-13,제주특별자치도 서귀포시 남원읍 신례동로 256,,제주특별자치도 서귀포시 남원읍 신례동로,33.3000025,126.635697
생생문화재,2023-03-01,2023-12-31,,광주광역시 북구 충효동 911,광주광역시 북구 충효동 911,35.1848322,127.0009375
구시청나이트페스티벌,2023-03-01,2023-11-01,광주광역시 동구 서남로 1(동구청),광주광역시 동구 서석동 31,광주광역시 동구 서남로 1,35.1458908,126.9230497
제20회 강북구 3·1독립운동 기념행사,2023-03-01,2023-03-01,서울특별시 강북구 삼양로173길 107-12,서울특별시 강북구 우이동 254,서울특별시 강북구 삼양로173길 107-12,37.6602922,127.0062054
상효원수목원 튤립축제,2023-03-04,2023-04-09,제주특별자치도 서귀포시 산록남로 2847-37,,제주특별자치도 서귀포시 산록남로 2847-37,33.3067015,126.5852773
마노르블랑 봄꽃축제,2023-03-05,2023-04-16,제주특별자치도 서귀포시 안덕면 일주서로2100번길 46,,제주특별자치도 서귀포시 안덕면 일주서로2100번길,33.2579183,126.2941
2023 제25회 제주들불축제,2023-03-09,2023-03-12,제주특별자치도 제주시 애월읍 화전길 201,,제주특별자치도 제주시 애월읍 화전길,33.3491148,126.3819841
광양매화축제,2023-03-10,2023-03-19,전라남도 광양시 시청로 33,전라남도 광양시 중동 1313,전라남도 광양시 시청로 33,34.9404237,127.695954
제19회 진안고원 운장산 고로쇠축제,2023-03-11,2023-03-12,,전라북도 진안군 주천면 대불리 75-1,전라북도 진안군 주천면 대불리,35.956929,127.374113
제24회 양평단월고로쇠축제,2023-03-18,2023-03-19,경기도 양평군 단월면 보룡길 53,경기도 양평군 단월면 보룡리 343-2,경기도 양평군 단월면 보룡길,37.5402528,127.6737816
서천군 동백꽃 주꾸미 축제,2023-03-18,2023-04-02,충청남도 서천군 서면 서인로 56,충청남도 서천군 서면 마량리 339-6,충청남도 서천군 서면 서인로,36.1458964,126.5323022
전농로 왕벚꽃 축제,2023-03-24,2023-03-26,제주특별자치도 제주시 전농로 40 삼도1동행정복지센터,,제주특별자치도 제주시 전농로 40,33.5042624,126.5173257
한림공원 왕벚꽃축제,2023-03-24,2023-04-08,제주특별자치도 제주시 한림읍 한림로 300,,제주특별자치도 제주시 한림읍 한림로,33.4007497,126.2436908
서귀포 유채꽃 국제걷기대회,2023-03-25,2023-03-26,제주특별자치도 서귀포시 월드컵로 33,,제주특별자치도 서귀포시 월드컵로 33,33.2464668,126.5090074
제5회 애월읍 왕벚꽃 축제,2023-03-25,2023-03-26,제주특별자치도 제주시 애월읍 장전로 106 장전리사무소,,제주특별자치도 제주시 애월읍 장전로,33.4521198,126.3908329
제25회 서귀포유채꽃국제걷기대회,2023-03-25,2023-03-26,제주특별자치도 서귀포시 월드컵로 33,제주특별자치도 서귀포시 월드컵로 33,제주특별자치도 서귀포시 월드컵로 33,33.2464668,126.5090074
제주허브동산 설유화 축제,2023-03-25,2023-04-15,제주특별자치도 서귀포시 표선면 돈오름로 170,,제주특별자치도 서귀포시 표선면 돈오름로,33.3311619,126.8093177
광양천년동백축제,2023-03-25,2023-03-26,전라남도 광양시 옥룡면 신재로 624,전라남도 광양시 옥룡면 운평리 262,전라남도 광양시 옥룡면 신재로,35.0494351,127.6092796
제주MBC 국제평화마라톤,2023-03-26,2023-03-26,제주특별자치도 제주시 한림읍 한림중앙로 71-9,,제주특별자치도 제주시 한림읍 한림중앙로,33.4012313,126.2707027
2023 동촌금호강예술제 Art Blossom,2023-03-28,2023-04-02,,대구광역시 동구 불로동 1058,대구광역시 동구 불로동 1058,35.8947726,128.6331475
영암왕인문화축제,2023-03-30,2023-04-02,전라남도 영암군 군서면 왕인로 440,전라남도 영암군 군서면 동구림리 산 17,전라남도 영암군 군서면 왕인로,34.7642519,126.6358075
섬 수선화 축제,2023-03-30,2023-04-09,전라남도 신안군 지도읍 선도길 72-26,,전라남도 신안군 지도읍 선도길,34.9892562,126.2639919
제8회 사천비토섬별주부전축제,2023-03-31,2023-04-01,경상남도 사천시 거북길 455,경상남도 사천시 서포면 비토리 14-13,경상남도 사천시 거북길 455,34.9707491,127.9694632
제4회 연제고분판타지축제,2023-03-31,2023-04-02,,부산광역시 연제구 거제동 1466-24,부산광역시 연제구 거제동 1466-24,35.1958065,129.0827581
구미 청춘 금오천 2.4km,2023-03-31,2023-04-04,,경상북도 구미시 남통동 414-34,경상북도 구미시 남통동 414-34,36.1225225,128.3235155
화개장터 벚꽃축제,2023-03-31,2023-04-02,경상남도 하동군 화개면 쌍계로 71-9,,경상남도 하동군 화개면 쌍계로,35.2095606,127.6368444
2023 서귀포 유채꽃축제,2023-03-31,2023-04-02,제주특별자치도 서귀포시 표선면 녹산로 381-15,,제주특별자치도 서귀포시 표선면 녹산로,33.396036,126.729377
2023 서귀포유채꽃축제,2023-03-31,2023-04-02,제주특별자치도 서귀포시 표선면 녹산로 381-15,제주특별자치도 서귀포시 표선면 가시리 3149-33,제주특별자치도 서귀포시 표선면 녹산로,33.396036,126.729377
강서 낙동강30리 벚꽃축제(2023년 상반기 예정),2023-03-31,2023-04-02,,부산광역시 강서구 대저1동 1-17,부산광역시 강서구 대저1동 1-17,35.2093352,128.9865076
제21회 옥천묘목축제,2023-03-31,2023-04-02,충청북도 옥천군 이원면 이원로 830,충청북도 옥천군 이원면 이원리 503,충청북도 옥천군 이원면 이원로,36.2107713,127.6260486
가족뮤지컬 고고다이노 우리동네공룡,2023-04-01,2023-04-01,제주특별자치도 서귀포시 남원읍 신례동로 256,,제주특별자치도 서귀포시 남원읍 신례동로,33.3000025,126.635697
명품콘서트,2023-04-01,2023-05-31,경기도 성남시 분당구 성남대로 550,경기도 성남시 분당구 수내동 65,경기도 성남시 분당구 성남대로,37.376796,127.1178172
2023 생생문화재,2023-04-01,2023-07-01,광주광역시 동구 서남로 1(동구청),광주광역시 동구 서석동 31,광주광역시 동구 서남로 1,35.1458908,126.9230497
서울놀이마당 상설정기공연,2023-04-01,2023-10-29,서울특별시 송파구 삼학사로 136,,서울특별시 송파구 삼학사로 136,37.5085818,127.1001887
여수영취산진달래체험행사,2023-04-01,2023-04-02,전라남도 여수시 흥국사길 160,전라남도 여수시 중흥동 17,전라남도 여수시 흥국사길 160,34.8211501,127.7002713
청년거리문화축제,2023-04-01,2023-12-31,전라남도 여수시 시청로 1,전라남도 여수시 학동 100,전라남도 여수시 시청로 1,34.7606062,127.6622306
선진리성벚꽃축제,2023-04-01,2023-04-01,경상남도 사천시 선진안길 83-28,경상남도 사천시 용현면 선진리 770,경상남도 사천시 선진안길 83-28,35.0434683,128.0417087
제20회 양평 산수유 한우 축제,2023-04-01,2023-04-02,경기도 양평군 개군면 자진개1길 83,경기도 양평군 개군면 하자포리 375,경기도 양평군 개군면 자진개1길,37.4303778,127.5333669
백운산국사봉철쭉제,2023-04-01,2023-04-01,전라남도 광양시 옥곡면 옥진로 665-1,전라남도 광양시 옥곡면 수평리 131-3,전라남도 광양시 옥곡면 옥진로,34.9839537,127.685928
용인어린이상상의숲 특별 행사 <상상해봄>(가칭),2023-04-01,2023-04-01,경기도 용인시 처인구 동백죽전대로 61,경기도 용인시 처인구 삼가동 28-6,경기도 용인시 처인구 동백죽전대로,37.2516527,127.1659836
합천벚꽃마라톤대회,2023-04-02,2023-04-02,경상남도 합천군 대병면 합천호수로 197,경상남도 합천군 대병면 회양리 1603-1,경상남도 합천군 대병면 합천호수로,35.533188,128.0397933
서귀포관악단 제78회 정기연주회,2023-04-02,2023-04-02,제주특별자치도 제주시 애월읍 화전길 201,,제주특별자치도 제주시 애월읍 화전길,33.3491148,126.3819841
4.3 창작뮤지컬 동백꽃 피는 날,2023-04-03,2023-04-03,제주특별자치도 제주시 전농로 40 삼도1동행정복지센터,,제주특별자치도 제주시 전농로 40,33.5042624,126.5173257
백혜선피아니스트 리사이틀,2023-04-04,2023-04-04,제주특별자치도 제주시 애월읍 장전로 106 장전리사무소,,제주특별자치도 제주시 애월읍 장전로,33.4521198,126.3908329
제17회 영등포 여의도 봄꽃축제,2023-04-04,2023-04-09,서울특별시 영등포구 의사당대로 1,서울특별시 영등포구 여의도동 1,서울특별시 영등포구 의사당대로 1,37.521322,126.923544
동대문 봄꽃축제,2023-04-05,2023-04-08,서울시 동대문구 천호대로 145,,서울시 동대문구 천호대로 145,37.5744181,127.0397492
2023년 울산병영3.1만세운동 제23회 재현행사,2023-04-05,2023-04-06,울산광역시 중구 병영성13길 2,울산광역시 중구 서동 311 병영초등학교,울산광역시 중구 병영성13길 2,35.574848,129.3448571
김정문화회관 기획공연 시리즈 토요일 토요일은 클래식 1.퍼니 밴드,2023-04-05,2023-04-05,제주특별자치도 서귀포시 월드컵로 33,,제주특별자치도 서귀포시 월드컵로 33,33.2464668,126.5090074
서귀포관악단 즐거운주말 토요힐링콘서트,2023-04-06,2023-04-06,제주특별자치도 제주시 구좌읍 김녕로 209,,제주특별자치도 제주시 구좌읍 김녕로,33.5541269,126.7553151
팔공산 벚꽃축제,2023-04-06,2023-04-09,,대구광역시 동구 용수동 27-5,대구광역시 동구 용수동 27-5,35.9897266,128.6964879
섬 튤립축제,2023-04-07,2023-04-16,전라남도 신안군 임자면 대광해수욕장길 179,,전라남도 신안군 임자면 대광해수욕장길,35.0977769,126.0827072
4월 시민을 위한 무료영화,2023-04-07,2023-04-07,제주특별자치도 서귀포시 표선면 녹산로 381-15,,제주특별자치도 서귀포시 표선면 녹산로,33.396036,126.729377
삼척맹방유채꽃행사,2023-04-07,2023-04-16,강원도 삼척시 근덕면 삼척로 3916-112(마을회관),강원도 삼척시 근덕면 상맹방리 215-1 외 30필지,강원도 삼척시 근덕면 삼척로,37.3414433,129.2552153
휴애리 봄 수국축제,2023-04-07,2023-06-14,제주특별자치도 서귀포시 남원읍 신례동로 256,,제주특별자치도 서귀포시 남원읍 신례동로,33.3000025,126.635697
양동통맥축제,2023-04-07,2023-10-28,광주광역시 서구 천변좌로 238,광주광역시 서구 양동 2-1,광주광역시 서구 천변좌로 238,35.1542985,126.9020207
신효건 피아노 독주회,2023-04-08,2023-04-08,제주특별자치도 제주시 우도면 우도해안길 70,,제주특별자치도 제주시 우도면 우도해안길,33.5065528,126.9549021
체험문화축제,2023-04-08,2023-04-09,경기도 이천시 신둔면 도자예술로5번길 109,경기도 이천시 신둔면 고척리 599-6,경기도 이천시 신둔면 도자예술로5번길,37.2941771,127.387704
제1회남대천벚꽃축제,2023-04-08,2023-04-09,,경상북도 의성군 의성읍 후죽리 774-18,경상북도 의성군 의성읍 후죽리,36.3633945,128.6977825
2023 자유공원 벚꽃축제,2023-04-08,2023-04-08,인천광역시 중구 제물량로232번길 46,,인천광역시 중구 제물량로232번길 46,37.4750752,126.6220162
4.19혁명 국민문화제,2023-04-08,2023-04-19,서울특별시 강북구 도봉로89길 13,서울특별시 강북구 수유동 192-59,서울특별시 강북구 도봉로89길 13,37.639544,127.0254728
문화와 예술이 어울어지는 미니콘서트,2023-04-08,2023-10-24,"경기도 성남시 수정구 수정로171번길 10, 성남아트리움 지하1층",경기도 성남시 수정구 태평동 3309,경기도 성남시 수정구 수정로171번길,37.4442899,127.1382437
제13회 성남 전국 사진촬영대회,2023-04-08,2023-06-30,"경기도 성남시 수정구 수정로171번길 10, 성남아트리움 지하1층",경기도 성남시 수정구 태평동 3309,경기도 성남시 수정구 수정로171번길,37.4442899,127.1382437
제1회 도촌 봄봄맞이길 벚꽃축제,2023-04-08,2023-04-08,경기도 성남시 중원구 도촌북로 28,,경기도 성남시 중원구 도촌북로,37.4139544,127.1610608
제17회 벌터산한마당축제,2023-04-08,2023-04-08,경기도 성남시 수정구 성남대로 1204,,경기도 성남시 수정구 성남대로,37.4507087,127.1269304
가파도청보리축제,2023-04-08,2023-04-16,제주특별자치도 서귀포시 대정읍 가파로 2,,제주특별자치도 서귀포시 대정읍 가파로,33.169671,126.2725676
2023 안양충훈벚꽃축제,2023-04-08,2023-04-09,경기도 안양시 만안구 석수로 159,경기도 안양시 만안구 석수동 797번지,경기도 안양시 만안구 석수로,37.4169936,126.9018152
추월산벚꽃축제,2023-04-08,2023-04-09,전라남도 담양군 용면 추월산로 369,전라남도 담양군 용면 추성리 478-1,전라남도 담양군 용면 추월산로,35.3928143,126.9941626
낙동강유채꽃축제,2023-04-08,2023-04-16,부산광역시 강서구 공항로 1246(대저1동),부산광역시 강서구 대저1동 2314-11,부산광역시 강서구 공항로 1246,35.184069,128.9666489
조이유스오케스트라 창단연주회,2023-04-09,2023-04-09,제주특별자치도 서귀포시 남원읍 서성로 788,,제주특별자치도 서귀포시 남원읍 서성로,33.3188775,126.6742738
서귀포합창단 제75회 정기연주회,2023-04-10,2023-04-10,제주특별자치도 서귀포시 대정읍 가파로 2,,제주특별자치도 서귀포시 대정읍 가파로,33.169671,126.2725676
아름다운 동행,2023-04-11,2023-04-11,제주특별자치도 서귀포시 이어도로 668,,제주특별자치도 서귀포시 이어도로 668,33.2336881,126.4875701
서귀포예술단,2023-04-12,2023-04-12,제주특별자치도 제주시 한림읍 한림중앙로 71-9,,제주특별자치도 제주시 한림읍 한림중앙로,33.4012313,126.2707027
에클레시아 앙상블 제주,2023-04-13,2023-04-13,제주특별자치도 제주시 한경면 노을해안로 1100,,제주특별자치도 제주시 한경면 노을해안로,33.2978379,126.167856
전국 새우란 축제,2023-04-14,2023-04-23,전라남도 신안군 자은면 자은서부2길 508-65,,전라남도 신안군 자은면 자은서부2길,34.8788654,126.009841
제12회 우도소라축제,2023-04-14,2023-04-16,제주특별자치도 제주시 우도면 우도해안길 70,,제주특별자치도 제주시 우도면 우도해안길,33.5065528,126.9549021
작가와함께하는 북 콘서트,2023-04-14,2023-04-14,제주특별자치도 서귀포시 남원읍 신례동로 256,,제주특별자치도 서귀포시 남원읍 신례동로,33.3000025,126.635697
2023청도소싸움축제,2023-04-14,2023-04-16,경상북도 청도군 화양읍 남성현로 348,경상북도 청도군 화양읍 삼신리 693-2,경상북도 청도군 화양읍 남성현로,35.6909999,128.7296265
의령 홍의장군축제,2023-04-20,2023-04-23,경상남도 의령군 의령읍 의병로24길 31-1,,경상남도 의령군 의령읍 의병로24길,35.3187093,128.2649467
가야문화축제(예정),2023-04-20,2023-04-23,경상남도 김해시 가야의길 126,경상남도 김해시 대성동 434,경상남도 김해시 가야의길 126,35.2374065,128.8737462
계양산국악제,2023-04-21,2023-04-22,인천광역시 계양구 주부토로 570,,인천광역시 계양구 주부토로 570,37.5449367,126.729587
청남대 영춘제,2023-04-22,2023-05-07,충청북도 청주시 상당구 문의면 청남대길 646,충청북도 청주시 상당구 문의면 신대리 산26-1,충청북도 청주시 상당구 문의면,36.490977,127.5107285
지리산 바래봉 철쭉제,2023-04-22,2023-05-21,전라북도 남원시 운봉읍 바래봉길 214,전라북도 남원시 운봉읍 용산리 446-3,전라북도 남원시 운봉읍 바래봉길,35.4348029,127.5419046
이천도자기축제,2023-04-26,2023-05-07,경기도 이천시 신둔면 도자예술로5번길 109,경기도 이천시 신둔면 고척리 599-6,경기도 이천시 신둔면 도자예술로5번길,37.2941771,127.387704
제5회 홍천산나물축제,2023-04-28,2023-04-30,,강원도 홍천군 홍천읍 갈마곡리 497,강원도 홍천군 홍천읍 갈마곡리,37.704929,127.8953907
제13회 양평 용문산 산나물축제,2023-04-28,2023-04-30,경기도 양평군 용문면 용문산로 782,경기도 양평군 용문면 신점리 625,경기도 양평군 용문면 용문산로,37.5264535,127.5939985
나비대축제,2023-04-28,2023-05-07,전라남도 함평군 함평읍 곤재로 27,전라남도 함평군 함평읍 수호리 1153-1,전라남도 함평군 함평읍 곤재로,35.0548493,126.5187247
2023년 청계산 힐링 빛 축제,2023-04-28,2023-04-28,경기도 성남시 수정구 옛골로 18,,경기도 성남시 수정구 옛골로,37.4255642,127.0668185
2023 제주 고산리 유적 선사축제,2023-04-28,2023-04-30,제주특별자치도 제주시 한경면 노을해안로 1100,,제주특별자치도 제주시 한경면 노을해안로,33.2978379,126.167856
제25회 사천와룡문화제,2023-04-28,2023-04-30,경상남도 사천시 용현면 시청로 77,,경상남도 사천시 용현면 시청로,35.004206,128.0618707
제13회 옥천참옻축제,2023-04-29,2023-04-30,충청북도 옥천군 옥천읍 중앙로 131,충청북도 옥천군 옥천읍 삼양리 125,충청북도 옥천군 옥천읍 중앙로,36.3063161,127.5711589
한라산청정고사리축제,2023-04-29,2023-04-30,제주특별자치도 서귀포시 남원읍 서성로 788,,제주특별자치도 서귀포시 남원읍 서성로,33.3188775,126.6742738
황매산 철쭉제,2023-04-29,2023-05-14,경상남도 합천군 가회면 황매산공원길 4,경상남도 합천군 가회면 둔내리 1319,경상남도 합천군 가회면 황매산공원길,35.4854452,127.9936282
서편제보성소리축제,2023-04-29,2023-05-01,전라남도 보성군 보성읍 송재로 281-9,,전라남도 보성군 보성읍 송재로,34.7736862,127.0819954
문경찻사발축제,2023-04-29,2023-05-07,경상북도 문경시 문경읍 새재로 1037,경상북도 문경시 문경읍 상초리 72,경상북도 문경시 문경읍 새재로,36.7661229,128.0809294
윤봉길평화축제,2023-04-29,2023-04-30,,충청남도 예산군 덕산면 시량리 산40-1,충청남도 예산군 덕산면 시량리,36.6879119,126.6474385
섬마을밴드 음악축제,2023-05-01,2023-10-31,인천광역시 중구 제물량로 195,,인천광역시 중구 제물량로 195,37.4707537,126.6223079
담양대나무축제,2023-05-03,2023-05-07,전라남도 담양군 담양읍 메타프로방스 1길 17,전라남도 담양군 담양읍 학동리 586-1,전라남도 담양군 담양읍 메타프로방스,35.3219335,127.0018244
선덕여왕 숭모재,2023-05-04,2023-05-04,대구광역시 동구 팔공산로 967-28,,대구광역시 동구 팔공산로 967-28,35.9953588,128.6726452
예천세계활축제,2023-05-04,2023-05-07,,경상북도 예천군 예천읍 남본리 310-1,경상북도 예천군 예천읍 남본리,36.6498203,128.4542731
하동 야생차문화축제,2023-05-04,2023-06-03,경상남도 하동군 화개면 화개면 쌍계로 571-25,,경상남도 하동군 화개면 화개면,35.2539984,127.6475977
2023하동세계차엑스포,2023-05-04,2023-06-03,경상남도 하동군 적량면 공설운동장로 207 일원 + 경상남도 하동군 화개면 쌍계로 571-25,,경상남도 하동군 적량면 공설운동장로,35.0611559,127.7751339
광주왕실도자기축제,2023-05-04,2023-05-14,경기도 광주시 곤지암읍 경충대로 727,경기도 광주시 곤지암읍 삼리 72-1번지,경기도 광주시 곤지암읍 경충대로,37.3397123,127.3595458
연천구석기축제,2023-05-04,2023-05-07,경기도 연천군 전곡읍 양연로 1510,경기도 연천군 전곡읍 전곡리 515,경기도 연천군 전곡읍 양연로,37.9827764,127.0279852
연천거리문화축제,2023-05-04,2023-05-07,경기도 연천군 전곡읍 은전로78번길 3,경기도 연천군 전곡읍 전곡리 459-18,경기도 연천군 전곡읍 은전로78번길,38.0261678,127.0692313
홍성역사인물축제,2023-05-05,2023-05-06,충청남도 홍성군 홍성읍 아문길 27,충청남도 홍성군 홍성읍 오관리 98,충청남도 홍성군 홍성읍 아문길,36.6003442,126.6625582
제13회 양평 용문산 산나물축제,2023-05-05,2023-05-07,경기도 양평군 용문면 용문역길 21,경기도 양평군 용문면 다문리 736-13,경기도 양평군 용문면 용문역길,37.4825374,127.5922287
천령문화제,2023-05-05,2023-05-09,,경상남도 함양군 함양읍 교산리 1047-2,경상남도 함양군 함양읍 교산리,35.5322234,127.7281673
진주논개제,2023-05-05,2023-05-08,경상남도 진주시 남강로 626,경상남도 진주시 본성동 415,경상남도 진주시 남강로 626,35.1899492,128.0809347
거리예술제,2023-05-05,2023-10-27,제주특별자치도 제주시 신대로12길 52,,제주특별자치도 제주시 신대로12길 52,33.4890539,126.4914878
2023 대구앞산축제(제28회 대덕제),2023-05-05,2023-05-06,대구광역시 남구 고산4길 71,대구광역시 남구 봉덕동 1272-1,대구광역시 남구 고산4길 71,35.8327031,128.6002512
"용인어린이상상의숲 어린이 주간 특별 행사 <오, 오 상상이상>",2023-05-05,2023-05-05,경기도 용인시 처인구 동백죽전대로 61,경기도 용인시 처인구 삼가동 28-6,경기도 용인시 처인구 동백죽전대로,37.2516527,127.1659836
흑산홍어축제,2023-05-05,2023-05-06,,전라남도 신안군 흑산면 예리 173-55,전라남도 신안군 흑산면 예리,34.6720544,125.4282629
강정마을 생태축제,2023-05-05,2023-05-07,제주특별자치도 서귀포시 이어도로 668,,제주특별자치도 서귀포시 이어도로 668,33.2336881,126.4875701
제30회 물왕예술제(산현공원),2023-05-05,2023-05-07,경기도 시흥시 목감남서로15,경기도 시흥시 조남동 670,경기도 시흥시 목감남서로15,37.3736919,126.8507639
제25회 원주한지문화제,2023-05-05,2023-05-14,강원도 원주시 한지공원길 151,강원도 원주시 무실동 16,강원도 원주시 한지공원길 151,37.3349482,127.9350851
여수거북선축제,2023-05-05,2023-05-07,전라남도 여수시 이순신광장로 95,전라남도 여수시 중앙동 385-6번지 등,전라남도 여수시 이순신광장로 95,34.7392232,127.7365272
울산옹기축제,2023-05-05,2023-05-07,울산광역시 울주군 온양읍 외고산3길 36,울산광역시 울주군 온양읍 고산리 501-18,울산광역시 울주군 온양읍 외고산3길,35.4353229,129.2792291
거리예술제,2023-05-05,2023-10-27,제주특별자치도 제주시 관덕로 11길 6,,제주특별자치도 제주시 관덕로 11길,33.5147271,126.5254922
2023 부소산 봄 나들이 축제,2023-05-05,2023-05-07,,충청남도 부여군 부여읍 구아리 46-5,충청남도 부여군 부여읍 구아리,36.2827182,126.9102152
제10회 서울동화축제,2023-05-06,2023-05-07,서울특별시 광진구 능동로216,,서울특별시 광진구 능동로216,37.5495886,127.081578
2023 가족의 달 어린이축제,2023-05-06,2023-05-07,인천광역시 중구 제물량로 238,,인천광역시 중구 제물량로 238,37.4735782,126.6187698
제17회 청계산 철쭉축제,2023-05-06,2023-05-06,경기도 성남시 수정구 청계산로4길 17-12,경기도 성남시 수정구 고등동 613-2,경기도 성남시 수정구 청계산로4길,37.424586,127.100487
제18회 영양산나물축제,2023-05-11,2023-05-14,경상북도 영양군 영양읍 군청길 37,경상북도 영양군 영양읍 서부리 379-1,경상북도 영양군 영양읍 군청길,36.6653817,129.1120988
제21회어방축제,2023-05-12,2023-05-14,부산광역시 수영구 남천동로100,부산광역시 수영구 남천동148-15,부산광역시 수영구 남천동로100,35.1454212,129.1130256
선사문화체험축제,2023-05-12,2023-05-13,,대구광역시 달서구 대천동 353-5,대구광역시 달서구 대천동 353-5,35.8194946,128.5188049
제30회 물왕예술제(비둘기공원),2023-05-12,2023-05-14,,경기도 시흥시 은행동 551,경기도 시흥시 은행동 551,37.441485,126.794085
지구촌 예술축제,2023-05-12,2023-05-12,경기도 시흥시 배곧2로 25,경기도 시흥시 정왕동 2506,경기도 시흥시 배곧2로 25,37.3718626,126.7221326
금천하모니축제 2021,2023-05-12,2023-05-14,서울특별시 금천구 시흥대로73길 70,서울특별시 금천구 시흥동 1020,서울특별시 금천구 시흥대로73길 70,37.4568163,126.8954085
울산쇠부리축제,2023-05-12,2023-05-14,울산광역시 북구 달천철장길 58,울산광역시 북구 달천동 1-7,울산광역시 북구 달천철장길 58,35.6336059,129.3294208
2023 유성온천문화축제,2023-05-12,2023-05-14,대전광역시 유성구 어은로 27,대전광역시 유성구 봉명동 496-39,대전광역시 유성구 어은로 27,36.3601527,127.3574409
2023 문화의거리 현대미술제,2023-05-13,2023-05-21,울산광역시 중구 시계탑거리 4,,울산광역시 중구 시계탑거리 4,35.5551142,129.3216031
제30회 물왕예술제(배곧생명공원),2023-05-13,2023-05-14,경기도 시흥시 배곧2로 25,경기도 시흥시 정왕동 2506,경기도 시흥시 배곧2로 25,37.3718626,126.7221326
하동 북천 꽃 양귀비 축제,2023-05-13,2023-05-22,경상남도 하동군 북천면 경서대로 2446-6,,경상남도 하동군 북천면 경서대로,35.112842,127.8691883
서울장미축제,2023-05-13,2023-05-28,서울특별시 중랑구 중랑천로 332,서울특별시 중랑구 묵동 378,서울특별시 중랑구 중랑천로 332,37.6143375,127.073492
자연산 광어.도미 축제,2023-05-13,2023-05-28,충청남도 서천군 서면 서인로 56,충청남도 서천군 서면 마량리 339-6,충청남도 서천군 서면 서인로,36.1458964,126.5323022
2023년 강남심포니오케스트라 제98회 정기연주회,2023-05-17,2023-05-17,서울특별시 송파구 올림픽로 300 롯데월드몰,,서울특별시 송파구 올림픽로 300,37.5131008,127.1034334
음성품바축제,2023-05-17,2023-05-21,충청북도 음성군 음성읍 설성공원길 28,충청북도 음성군 음성읍 읍내리 817-242,충청북도 음성군 음성읍 설성공원길,36.9320257,127.6907412
제24회음성품바축제,2023-05-17,2023-05-21,충청북도 음성군 음성읍 예술로 102,충청북도 음성군 음성읍 읍내리 366-17,충청북도 음성군 음성읍 예술로,36.934472,127.6832295
황룡강 (洪)길동무 꽃길 축제,2023-05-19,2023-05-21,,"전라남도 장성군 장성읍 기산리 461-1, 전라남도 장성군 황룡면 홍길동로 431",전라남도 장성군 장성읍 기산리,35.3041909,126.7728683
상화문학제,2023-05-19,2023-05-21,대구광역시 수성구 들안로16길 78,대구광역시 수성구 두산동 30,대구광역시 수성구 들안로16길 78,35.8393217,128.6183129
제34회 화도진축제,2023-05-19,2023-05-20,인천광역시 동구 참외전로 125 (동인천역 광장),인천광역시 동구 송현동 70-10,인천광역시 동구 참외전로 125,37.475038,126.6325552
장미꽃 필(feel)무렵,2023-05-19,2023-05-21,,대구광역시 달서구 이곡동 1306-6,대구광역시 달서구 이곡동 1306-6,35.8579682,128.5147257
제18회 해운대 모래축제,2023-05-19,2023-05-22,부산광역시 해운대구 중동2로 11,부산광역시 해운대구 중동 1378-95,부산광역시 해운대구 중동2로 11,35.1629739,129.1637236
퍼플섬 라벤더 축제,2023-05-19,2023-06-06,전라남도 신안군 안좌면 소곡두리길 257-35,,전라남도 신안군 안좌면 소곡두리길,34.7237405,126.1204192
여주도자기축제,2023-05-19,2023-05-29,경기도 여주시 신륵사길 7,경기도 여주시 천송동 303-3,경기도 여주시 신륵사길 7,37.3000521,127.656749
<2023 피크닉 콘서트 - We Go Together Concert>,2023-05-20,2023-05-20,경기도 용인시 처인구 동백죽전대로 61,경기도 용인시 처인구 삼가동 28-6,경기도 용인시 처인구 동백죽전대로,37.2516527,127.1659836
부산원도심골목길축제,2023-05-20,2023-05-21,부산광역시 중구 중구로 120(대청동1가),부산광역시 중구 대청동1가 1-4,부산광역시 중구 중구로 120,35.1063116,129.0323982
삼척장미축제,2023-05-20,2023-05-24,강원도 강원도 삼척시청 오십천로 536,강원도 강원도 삼척시청 정상동 232,강원도 강원도 삼척시청 오십천로,37.4399562,129.1515091
곡성세계장미축제,2023-05-20,2023-05-29,전라남도 곡성군 오곡면 기차마을로 232,전라남도 곡성군 오곡면 오지리 770-5,전라남도 곡성군 오곡면 기차마을로,35.2741688,127.3115193
아라뱃길 카약축제,2023-05-20,2023-05-20,인천광역시 서구 정서진1로 41,인천광역시 서구 오류동 1563,인천광역시 서구 정서진1로 41,37.557851,126.6066236
제5회 명품한강 장미축제,2023-05-20,2023-05-20,서울특별시 광진구 자양번영로3길 66,,서울특별시 광진구 자양번영로3길 66,37.5328453,127.071659
제27회 제주국제관광마라톤축제,2023-05-21,2023-05-21,제주특별자치도 제주시 구좌읍 김녕로 209,,제주특별자치도 제주시 구좌읍 김녕로,33.5541269,126.7553151
황영조 국제 마라톤 대회,2023-05-21,2023-05-21,강원도 강원도 삼척시청 엑스포로 45,강원도 강원도 삼척시청 성남동 1-5,강원도 강원도 삼척시청 엑스포로,37.4367707,129.1549656
지구촌 어울림 축제,2023-05-21,2023-05-21,경기도 성남시 중원구 성남대로 997,경기도 성남시 중원구 여수동 200,경기도 성남시 중원구 성남대로,37.4239246,127.1289848
제16회 용수골꽃양귀비축제,2023-05-23,2023-06-11,강원도 원주시 한지공원길 151,강원도 원주시 판부면 서곡리 1632-2,강원도 원주시 한지공원길 151,37.3349482,127.9350851
제93회 춘향제,2023-05-25,2023-05-29,전라북도 남원시 요천로 1447,전라북도 남원시 천거동 78,전라북도 남원시 요천로 1447,35.402251,127.3795745
농다리 축제,2023-05-26,2023-05-28,,충청북도 진천군 문백면 구곡리 601-32,충청북도 진천군 문백면 구곡리,36.831045,127.488867
생거진천농다리축제,2023-05-26,2023-05-28,충청북도 진천군 문백면 농다리로 1032-11,충청북도 진천군 문백면 구산동리 135,충청북도 진천군 문백면 농다리로,36.808716,127.4668307
대천해수욕장 조개구이 한마당,2023-05-27,2023-05-29,충청남도 보령시 머드로 123,충청남도 보령시 신흑동 2267-3,충청남도 보령시 머드로 123,36.3155689,126.5108285
제2회 보령AMC모터페스티벌,2023-05-27,2023-05-29,충청남도 보령시 주포면 대학길 106,충청남도 보령시 주포면 관산리 290-1,충청남도 보령시 주포면 대학길,36.4076056,126.5787552
2023 김포 아라마린페스티벌,2023-05-27,2023-05-28,,경기도 김포시 고촌읍 전호리 661,경기도 김포시 고촌읍 전호리,37.5893457,126.7896346
가족뮤지컬 티티체리-용의 생일파티를 도와라,2023-05-28,2023-05-28,제주특별자치도 제주시 관덕로 19,,제주특별자치도 제주시 관덕로 19,33.5133704,126.5214334
시간을 파는 상점,2023-05-29,2023-05-29,제주특별자치도 제주시 관덕로 11길 6,,제주특별자치도 제주시 관덕로 11길,33.5147271,126.5254922
3월 시민을 위한 무료영화,2023-05-30,2023-05-30,제주특별자치도 제주시 신대로12길 52,,제주특별자치도 제주시 신대로12길 52,33.4890539,126.4914878
제21회 장미축제,2023-05-30,2023-06-01,강원도 원주시 장미공원길 67-16,강원도 원주시 단계동 853-3,강원도 원주시 장미공원길 67-16,37.345889,127.9311756
서귀포관악단 즐거운주말 토요힐링콘서트,2023-05-31,2023-05-31,제주특별자치도 서귀포시 안덕면 일주서로2100번길 46,,제주특별자치도 서귀포시 안덕면 일주서로2100번길,33.2579183,126.2941
피아니스트 이루마 공연,2023-06-01,2023-06-01,제주특별자치도 서귀포시 표선면 돈오름로 170,,제주특별자치도 서귀포시 표선면 돈오름로,33.3311619,126.8093177
2023 제주국제관악제 <봄 시즌>,2023-06-02,2023-06-02,제주특별자치도 제주시 관덕로 19,,제주특별자치도 제주시 관덕로 19,33.5133704,126.5214334
2023 김포 평화누리길 걷기 행사,2023-06-03,2023-06-03,,경기도 김포시 대곶면 대명리 551-19,경기도 김포시 대곶면 대명리,37.6491563,126.5528763
용연음악회,2023-06-03,2023-06-03,,제주특별자치도 제주시 용담2동 2581,제주특별자치도 제주시 용담2동 2581,33.5084457,126.4990864
제15회 청도유등제,2023-06-03,2022-06-06,,경상북도 청도군 화양읍 송북리 98-3,경상북도 청도군 화양읍 송북리,35.6560588,128.7298654
캐리tv러브콘서트,2023-06-03,2023-06-03,제주특별자치도 서귀포시 남원읍 신례동로 256,,제주특별자치도 서귀포시 남원읍 신례동로,33.3000025,126.635697
서귀포성악동호회 발표회,2023-06-04,2023-06-04,제주특별자치도 제주시 한림읍 한림로 300,,제주특별자치도 제주시 한림읍 한림로,33.4007497,126.2436908
3월 문화가 있는날 벨레주트리오<비가>,2023-06-05,2023-06-05,제주특별자치도 서귀포시 산록남로 2847-37,,제주특별자치도 서귀포시 산록남로 2847-37,33.3067015,126.5852773
제6회 서귀포청소년오케스트라 유명연주자초청공개강좌&마에스트로콘서트,2023-06-06,2023-06-06,제주특별자치도 제주시 한림읍 한림로 300,,제주특별자치도 제주시 한림읍 한림로,33.4007497,126.2436908
김정문화회관 기획공연 가족 뮤지컬<생각나라 과자집>,2023-06-07,2023-06-07,제주특별자치도 제주시 한림읍 한림로 300,,제주특별자치도 제주시 한림읍 한림로,33.4007497,126.2436908
양양문화제,2023-06-08,2023-06-10,,강원도 양양군 양양읍 남문리 226-2,강원도 양양군 양양읍 남문리,38.0720146,128.6208156
서귀포관악단 즐거운주말 토요힐링콘서트,2023-06-08,2023-06-08,제주특별자치도 서귀포시 표선면 녹산로 381-15,,제주특별자치도 서귀포시 표선면 녹산로,33.396036,126.729377
속리산 신화여행축제,2023-06-09,2023-06-11,충청북도 보은군 보은읍 군청길 38,충청북도 보은군 보은읍 이평리 45,충청북도 보은군 보은읍 군청길,36.4873421,127.7286098
플레리뮤지컬<핑크퐁과 아기상어의 생일파티>,2023-06-09,2023-06-09,제주특별자치도 서귀포시 월드컵로 33,,제주특별자치도 서귀포시 월드컵로 33,33.2464668,126.5090074
한산모시문화제,2023-06-09,2023-06-11,충청남도 서천군 한산면 충절로 1089,충청남도 서천군 한산면 지현리 60-1,충청남도 서천군 한산면 충절로,36.0999831,126.8234639
제9회 무안황토갯벌축제,2023-06-09,2023-06-11,전라남도 무안군 해제면 용산길 140,전라남도 무안군 해제면 유월리 1-1,전라남도 무안군 해제면 용산길,35.099646,126.3292114
제2회 소아베브라스 정기연주회,2023-06-10,2023-06-10,제주특별자치도 제주시 중앙로 2,,제주특별자치도 제주시 중앙로 2,33.5178929,126.524212
봉래산발복기원제,2023-06-11,2023-06-11,부산광역시 영도구 벚꽃길 1,부산광역시 영도구 청학동 산54-4,부산광역시 영도구 벚꽃길 1,35.0864492,129.0590775
인어공주,2023-06-11,2023-06-11,제주특별자치도 서귀포시 남원읍 신례동로 256,,제주특별자치도 서귀포시 남원읍 신례동로,33.3000025,126.635697
서귀포합창단 제76회 정기연주회,2023-06-12,2023-06-12,제주특별자치도 제주시 애월읍 화전길 201,,제주특별자치도 제주시 애월읍 화전길,33.3491148,126.3819841
2023년 한국해사주간 및 장관급 콘퍼런스,2023-06-14,2023-06-16,서울특별시 중구 동호로 249,서울특별시 중구 장충동2가 202,서울특별시 중구 동호로 249,37.5567496,127.0060352
충주DIVE페스티벌,2023-06-15,2023-06-18,충청북도 충주시 중앙탑면 중앙탑길 150,충청북도 충주시 중앙탑면 탑평리 137,충청북도 충주시 중앙탑면 중앙탑길,37.0199278,127.8621977
충주DIVE페스티벌,2023-06-15,2023-06-18,충청북도 충주시 중앙로 128,충청북도 충주시 성내동 215,충청북도 충주시 중앙로 128,36.970659,127.9371825
대구 북구 떡볶이 페스티벌,2023-06-16,2023-06-18,,대구광역시 북구 고성동3가 2,대구광역시 북구 고성동3가 2,35.8814242,128.5876905
2023 광주문화재야행,2023-06-16,2023-06-17,광주광역시 동구 서남로 1(동구청),광주광역시 동구 서석동 31,광주광역시 동구 서남로 1,35.1458908,126.9230497
2023 태화강마두희축제,2023-06-23,2023-06-25,울산광역시 중구 시계탑거리 4,,울산광역시 중구 시계탑거리 4,35.5551142,129.3216031
제27회 부천국제판타스틱영화제,2023-06-29,2023-07-09,경기도 부천시 길주로 210,경기도 부천시 중동 1156,경기도 부천시 길주로 210,37.502918,126.76591
제24회 용전들노래 정기공연,2023-07-01,2023-07-31,광주광역시 북구 용전마을길 42(용전동),광주광역시 북구 용전동 171-3,광주광역시 북구 용전마을길 42,35.2387596,126.8972191
춘장대해수욕장 여름문화예술축제,2023-07-01,2023-07-01,충청남도 서천군 서면 춘장대길 20,충청남도 서천군 서면 도둔리 1319,충청남도 서천군 서면 춘장대길,36.1610955,126.5227713
제18회 국제매직페스티벌,2023-07-01,2023-07-01,부산광역시 해운대구 중동2로 11,부산광역시 해운대구 중동 1378-95,부산광역시 해운대구 중동2로 11,35.1629739,129.1637236
제7회 반송한마음축제,2023-07-01,2023-07-01,부산광역시 해운대구 중동2로 11,부산광역시 해운대구 중동 1378-95,부산광역시 해운대구 중동2로 11,35.1629739,129.1637236
치악산찰옥수수축제,2023-07-01,2023-07-01,,강원도 원주시 문막읍 문막리 329-45,강원도 원주시 문막읍 문막리,37.3084395,127.8217113
제22회 탐라국악제,2023-07-01,2023-07-01,제주특별자치도 제주시 전농로 40 삼도1동행정복지센터,,제주특별자치도 제주시 전농로 40,33.5042624,126.5173257
서귀포청소년오케스트라 협주곡의 밤,2023-07-02,2023-07-02,제주특별자치도 제주시 애월읍 장전로 106 장전리사무소,,제주특별자치도 제주시 애월읍 장전로,33.4521198,126.3908329
제41회 대한민국연극제 본선대회 초청공연,2023-07-03,2023-07-03,제주특별자치도 서귀포시 월드컵로 33,,제주특별자치도 서귀포시 월드컵로 33,33.2464668,126.5090074
김도연 첼로 솔로 연주회,2023-07-04,2023-07-04,제주특별자치도 제주시 구좌읍 김녕로 209,,제주특별자치도 제주시 구좌읍 김녕로,33.5541269,126.7553151
제14회 제주나눔오케스트라 정기연주회,2023-07-05,2023-07-05,제주특별자치도 서귀포시 표선면 녹산로 381-15,,제주특별자치도 서귀포시 표선면 녹산로,33.396036,126.729377
Jeju Music Festival with Vietnam National Academy of Music & Repitore,2023-07-06,2023-07-06,제주특별자치도 제주시 우도면 우도해안길 70,,제주특별자치도 제주시 우도면 우도해안길,33.5065528,126.9549021
금산삼계탕축제,2023-07-07,2023-07-09,충청남도 금산군 금산읍 인삼광장로 30,충청남도 금산군 금산읍 신대리 392,충청남도 금산군 금산읍 인삼광장로,36.0995894,127.5004625
이은결의 매직 앤 일루션- 제주,2023-07-07,2023-07-07,제주특별자치도 서귀포시 남원읍 서성로 788,,제주특별자치도 서귀포시 남원읍 서성로,33.3188775,126.6742738
이은결의 매직 앤 일루션- 제주,2023-07-08,2023-07-08,제주특별자치도 서귀포시 대정읍 가파로 2,,제주특별자치도 서귀포시 대정읍 가파로,33.169671,126.2725676
이은결의 매직 앤 일루션- 제주,2023-07-09,2023-07-09,제주특별자치도 서귀포시 이어도로 668,,제주특별자치도 서귀포시 이어도로 668,33.2336881,126.4875701
이은결의 매직 앤 일루션- 제주,2023-07-10,2023-07-10,제주특별자치도 제주시 한림읍 한림중앙로 71-9,,제주특별자치도 제주시 한림읍 한림중앙로,33.4012313,126.2707027
더 쇼콰이어 하모나이즈 초청 공연,2023-07-11,2023-07-11,제주특별자치도 제주시 한경면 노을해안로 1100,,제주특별자치도 제주시 한경면 노을해안로,33.2978379,126.167856
도립제주교향악단 제165회 정기연주회,2023-07-12,2023-07-12,제주특별자치도 서귀포시 남원읍 신례동로 256,,제주특별자치도 서귀포시 남원읍 신례동로,33.3000025,126.635697
제21회 부여서동연꽃축제,2023-07-13,2023-07-16,,충청남도 부여군 부여읍 동남리 117,충청남도 부여군 부여읍 동남리,36.2748938,126.9125236
제17회 2023 제주특별자치도소년소녀합창단연합합창제,2023-07-13,2023-07-13,제주특별자치도 제주시 관덕로 19,,제주특별자치도 제주시 관덕로 19,33.5133704,126.5214334
곡성아이스크림페스티벌,2023-07-14,2023-07-16,전라남도 곡성군 곡성읍 곡성로 855,전라남도 곡성군 곡성읍 읍내리 254,전라남도 곡성군 곡성읍 곡성로,35.2606832,127.2726252
3 Legendary Musical Singers,2023-07-14,2023-07-14,제주특별자치도 제주시 관덕로 11길 6,,제주특별자치도 제주시 관덕로 11길,33.5147271,126.5254922
싹온스크린 영상 상영 <윤보선 고택 쌀롱 콘서트>,2023-07-15,2023-07-15,제주특별자치도 제주시 신대로12길 52,,제주특별자치도 제주시 신대로12길 52,33.4890539,126.4914878
제41회 대한민국연극제 제주대회,2023-07-16,2023-07-16,제주특별자치도 서귀포시 안덕면 일주서로2100번길 46,,제주특별자치도 서귀포시 안덕면 일주서로2100번길,33.2579183,126.2941
그루브인관악 페스티벌,2023-07-16,2023-07-17,서울특별시 관악구 신원로 35,서울특별시 관악구 신림동 1638-1,서울특별시 관악구 신원로 35,37.4822382,126.9289185
어린이뮤지컬 <스토니즈-더 어드벤처>,2023-07-17,2023-07-17,제주특별자치도 서귀포시 표선면 돈오름로 170,,제주특별자치도 서귀포시 표선면 돈오름로,33.3311619,126.8093177
제26회 무안연꽃추제,2023-07-20,2023-07-23,전라남도 무안군 일로읍 백련로 333,전라남도 무안군 일로읍 복룡리 150,전라남도 무안군 일로읍 백련로,34.8638116,126.5184968
제26회 보령머드축제,2023-07-21,2023-08-06,충청남도 보령시 고잠2길 55,충청남도 보령시 신흑동 2283-1,충청남도 보령시 고잠2길 55,36.3120992,126.5164116
삼척비치썸페스티벌,2023-07-26,2023-07-30,강원도 강원도 삼척시청 테마타운길 19,강원도 강원도 삼척시청 갈천동 14,강원도 강원도 삼척시청 테마타운길,37.4683536,129.1678544
한여름밤의 예술공연,2023-07-27,2023-08-02,제주특별자치도 제주시 중앙로 2,,제주특별자치도 제주시 중앙로 2,33.5178929,126.524212
제15회 향수옥천 포도·복숭아 축제,2023-07-28,2022-07-30,충청북도 옥천군 옥천읍 관성로 53,충청북도 옥천군 옥천읍 문정리 390,충청북도 옥천군 옥천읍 관성로,36.301962,127.5722771
제9회 양평 워터워 페스티벌(양평 물축제),2023-07-28,2023-07-30,경기도 양평군 옥천면 옥천체육공원길 66,경기도 양평군 옥천면 옥천리 767,경기도 양평군 옥천면 옥천체육공원길,37.521712,127.4584462
하동 섬진강문화재첩축제,2023-07-28,2023-07-30,경상남도 하동군 하동읍 섬진강대로 2107-8,,경상남도 하동군 하동읍 섬진강대로,35.0827153,127.7326079
제13회 남한강축제,2023-07-29,2023-07-30,강원도 원주시 부론면 앙암로 1234,강원도 원주시 법천리 1575-1,강원도 원주시 부론면 앙암로,37.2060659,127.7480366
합천바캉스축제,2023-07-29,2023-08-06,경상남도 합천군 대양면 동부로 39-19,경상남도 합천군 대양면 정양리 613-2,경상남도 합천군 대양면 동부로,35.5555535,128.1682073
봉화은어축제,2023-07-29,2023-08-06,,경상북도 봉화군 봉화읍 내성리 506,경상북도 봉화군 봉화읍 내성리,36.8868176,128.7407815
제4회 新송도해변축제,2023-07-29,2023-08-06,,인천광역시 연수구 송도동 1,인천광역시 연수구 송도동 1,37.3952846,126.6597511
제16회_정남진_장흥_물축제,2023-07-29,2023-08-06,,전라남도 장흥군 장흥읍 건산리 805,전라남도 장흥군 장흥읍 건산리,34.6788346,126.9099175
치악산복숭아축제,2023-08-01,2023-08-01,강원도 원주시 단구로 170,강원도 원주시 명륜동 345,강원도 원주시 단구로 170,37.3361369,127.9465482
영동포도축제,2023-08-01,2023-08-01,충청북도 영동군 영동읍 영동황간로 122,충청북도 영동군 영동읍 매천리 313,충청북도 영동군 영동읍 영동황간로,36.1721555,127.8096581
송정해변축제,2023-08-01,2023-08-01,부산광역시 해운대구 중동2로 11,부산광역시 해운대구 중동 1378-95,부산광역시 해운대구 중동2로 11,35.1629739,129.1637236
고서포도축제,2023-08-01,2023-08-30,전라남도 담양군 고서면 가사문학로 325,전라남도 담양군 고서면 동운리 583-4,전라남도 담양군 고서면 가사문학로,35.2254992,126.9717799
제27회 부산바다축제,2023-08-01,2023-08-01,부산광역시 해운대구 중동2로 11,부산광역시 해운대구 중동 1378-95,부산광역시 해운대구 중동2로 11,35.1629739,129.1637236
2023 통영한산대첩축제,2023-08-03,2023-08-12,경상남도 통영시 세병로 27(문화동),경상남도 통영시 문화동 62,경상남도 통영시 세병로 27,34.8482246,128.4227749
인천펜타포트 음악축제,2023-08-04,2023-08-06,인천광역시 연수구 센트럴로 350,,인천광역시 연수구 센트럴로 350,37.4063111,126.6352338
현인가요제,2023-08-04,2023-08-06,부산광역시 서구 송도해변로 100,부산광역시 서구 암남동 135-5,부산광역시 서구 송도해변로 100,35.0761426,129.0177503
진주 M2(뮤직&미디어)페스티벌,2023-08-04,2023-08-06,경상남도 진주시 강남로 320 아래 둔치,경상남도 진주시 망경동 110-1 아래 둔치,경상남도 진주시 강남로 320,35.1871912,128.0820912
제천국제음악영화제,2023-08-10,2023-08-15,충청북도 제천시 의림대로12길 14-1,충청북도 제천시 청전동 110,충청북도 제천시 의림대로12길 14-1,37.1293522,128.2064117
안심창조밸리 연꽃마을 축제,2023-08-12,2023-08-15,,대구광역시 동구 괴전동 401-2,대구광역시 동구 괴전동 401-2,35.8695226,128.7353079
박물관문화향연,2023-08-12,2023-08-12,서울특별시 용산구 서빙고로 137,,서울특별시 용산구 서빙고로 137,37.5230368,126.982235
거문도백도은빛바다체험행사,2023-08-12,2022-08-14,전라남도 여수시 삼산면 거문길 28-10,전라남도 여수시 삼산면 거문리 111-35,전라남도 여수시 삼산면 거문길,34.0274965,127.3108468
2023 유성재즈 맥주페스타,2023-08-18,2023-08-20,대전광역시 유성구 어은로 22,대전광역시 유성구 봉명동 1013-1,대전광역시 유성구 어은로 22,36.3601527,127.3574409
함양연암문화제,2023-08-25,2023-08-26,,경상남도 함양군 안의면 금천리 241,경상남도 함양군 안의면 금천리,35.6297513,127.813404
제6회_회령포_문화축제,2023-08-31,2023-09-02,,전라남도 장흥군 장흥읍 건산리 805,전라남도 장흥군 장흥읍 건산리,34.6788346,126.9099175
2023년 강남심포니오케스트라 제99회 정기연주회,2023-08-31,2023-08-31,서울특별시 송파구 올림픽로 300 롯데월드몰,,서울특별시 송파구 올림픽로 300,37.5131008,127.1034334
어린이뮤지컬 <스토니즈-더 어드벤처>,2023-08-31,2023-08-31,제주특별자치도 제주시 관덕로 19,,제주특별자치도 제주시 관덕로 19,33.5133704,126.5214334
싹온스크린 영상 상영 인형극 <달래이야기>,2023-09-01,2023-09-01,제주특별자치도 서귀포시 남원읍 신례동로 256,,제주특별자치도 서귀포시 남원읍 신례동로,33.3000025,126.635697
제5회 인제가을꽃축제,2023-09-01,2023-10-31,,강원도 인제군 남면 부평리 555-2,강원도 인제군 남면 부평리,37.9894237,128.116951
홍원항 자연산 전어.꽃게 축제,2023-09-01,2023-09-01,충청남도 서천군 서면 홍원길 130-3,충청남도 서천군 서면 도둔리 1222-7,충청남도 서천군 서면 홍원길,36.1548159,126.5024804
괴산고추축제,2023-09-01,2023-09-01,충청북도 괴산군 괴산읍 임꺽정로 90,충청북도 괴산군 괴산읍 서부리 125,충청북도 괴산군 괴산읍 임꺽정로,36.8171682,127.779397
제23회 섬강축제,2023-09-01,2023-09-03,강원도 원주시 소금산길 12,강원도 원주시 지정면 간현리 1056-24,강원도 원주시 소금산길 12,37.3645753,127.8340586
금호강 바람소리길축제,2023-09-01,2023-10-31,,대구광역시 북구 산격동 1477-1,대구광역시 북구 산격동 1477-1,35.9087206,128.6015099
광양전어축제,2023-09-01,2023-09-01,전라남도 광양시 진월면 망덕길 265,전라남도 광양시 진월면 망덕리 12-1,전라남도 광양시 진월면 망덕길,34.9711778,127.7558902
모차르트 오페라 <마술피리>,2023-09-02,2023-09-02,제주특별자치도 제주시 한림읍 한림로 300,,제주특별자치도 제주시 한림읍 한림로,33.4007497,126.2436908
제27회 무주반딧불축제,2023-09-02,2023-09-10,전라북도 무주군 무주읍 한풍루로 326-14,전라북도 무주군 무주읍 당산리 1118,전라북도 무주군 무주읍 한풍루로,36.0026426,127.662574
모차르트 오페라 <마술피리>,2023-09-03,2023-09-03,제주특별자치도 서귀포시 산록남로 2847-37,,제주특별자치도 서귀포시 산록남로 2847-37,33.3067015,126.5852773
도립제주예술단 기획연주회,2023-09-04,2023-09-04,제주특별자치도 제주시 한림읍 한림로 300,,제주특별자치도 제주시 한림읍 한림로,33.4007497,126.2436908
제75주년 4.3 전야제- 다시부르는 바람,2023-09-05,2023-09-05,제주특별자치도 제주시 한림읍 한림로 300,,제주특별자치도 제주시 한림읍 한림로,33.4007497,126.2436908
창작오페라 <순이삼촌>,2023-09-06,2023-09-06,제주특별자치도 서귀포시 표선면 녹산로 381-15,,제주특별자치도 서귀포시 표선면 녹산로,33.396036,126.729377
창작오페라 <순이삼촌>,2023-09-07,2023-09-07,제주특별자치도 서귀포시 월드컵로 33,,제주특별자치도 서귀포시 월드컵로 33,33.2464668,126.5090074
제36회 지용제,2023-09-07,2022-09-10,충청북도 옥천군 옥천읍 매동로 209,충청북도 옥천군 옥천읍 상계리 14-2,충청북도 옥천군 옥천읍 매동로,36.3116876,127.5883576
지용제,2023-09-07,2023-09-10,충청북도 옥천군 옥천읍 관성로 35,충청북도 옥천군 옥천읍 문정리 476,충청북도 옥천군 옥천읍 관성로,36.301962,127.5722771
<연꽃으로 피어나리> BTN 불교 TV남성중창단 제주교류 연주,2023-09-08,2023-09-08,제주특별자치도 제주시 중앙로 2,,제주특별자치도 제주시 중앙로 2,33.5178929,126.524212
싹온스크린 영상 상영 발레 <심청>,2023-09-09,2023-09-09,제주특별자치도 서귀포시 남원읍 신례동로 256,,제주특별자치도 서귀포시 남원읍 신례동로,33.3000025,126.635697
INK 콘서트,2023-09-09,2023-09-09,인천광역시 미추홀구 매소홀로 618,,인천광역시 미추홀구 매소홀로 618,37.4360098,126.6909264
임동민 피아노 리사이틀,2023-09-10,2023-09-10,제주특별자치도 제주시 애월읍 화전길 201,,제주특별자치도 제주시 애월읍 화전길,33.3491148,126.3819841
제주 4. 3 가록물 유네스코세계기록유산등재기원음악회,2023-09-11,2023-09-11,제주특별자치도 제주시 전농로 40 삼도1동행정복지센터,,제주특별자치도 제주시 전농로 40,33.5042624,126.5173257
어린이 북 콘서트 <퍼플엘리>,2023-09-12,2023-09-12,제주특별자치도 제주시 애월읍 장전로 106 장전리사무소,,제주특별자치도 제주시 애월읍 장전로,33.4521198,126.3908329
크쉬시토프 야블론스키 리싸이틀,2023-09-13,2023-09-13,제주특별자치도 서귀포시 월드컵로 33,,제주특별자치도 서귀포시 월드컵로 33,33.2464668,126.5090074
정선아리랑제,2023-09-14,2023-09-17,강원도 정선군 정선읍 봉양3길 17,강원도 정선군 정선읍 봉양리 253-1,강원도 정선군 정선읍 봉양3길,37.3799788,128.6606272
원주삼토페스티벌,2023-09-14,2023-09-17,강원도 원주시 서원대로 311,강원도 원주시 명륜동 342,강원도 원주시 서원대로 311,37.3365966,127.9437813
도립제주교향악단 제164회 정기연주회,2023-09-14,2023-09-14,제주특별자치도 제주시 구좌읍 김녕로 209,,제주특별자치도 제주시 구좌읍 김녕로,33.5541269,126.7553151
제36회 제주대학교 윈드심포니 정기연주회,2023-09-15,2023-09-15,제주특별자치도 서귀포시 표선면 녹산로 381-15,,제주특별자치도 서귀포시 표선면 녹산로,33.396036,126.729377
2023년 김창옥 토크 콘서트,2023-09-16,2023-09-16,제주특별자치도 제주시 우도면 우도해안길 70,,제주특별자치도 제주시 우도면 우도해안길,33.5065528,126.9549021
제4회 양평부추축제,2023-09-16,2023-09-17,경기도 양평군 양동면 양동역길 19,경기도 양평군 양동면 쌍학리 223-2,경기도 양평군 양동면 양동역길,37.420173,127.7532135
여수여자만갯벌노을체험행사,2023-09-16,2023-09-17,전라남도 여수시 소라면 서부로 785-24,,전라남도 여수시 소라면 서부로,34.7807751,127.5899143
2023 수원화성 미디어아트쇼,2023-09-16,2023-10-15,경기도 수원시 팔달구 정조로 825,경기도 수원시 팔달구 남창동 6-2,경기도 수원시 팔달구 정조로,37.2760021,127.0155369
치악산왕발걸음축제,2023-09-16,2023-09-16,강원도 원주시 소초면 평장동길 86-16,강원도 원주시 소초면 평장리 823-7,강원도 원주시 소초면 평장동길,37.4163132,128.001427
팔공산 왕건축제,2023-09-16,2023-09-16,,대구광역시 동구 지묘동 1220-19,대구광역시 동구 지묘동 1220-19,35.9426762,128.6427008
히사이조 영화음악 콘서트,2023-09-17,2023-09-17,제주특별자치도 서귀포시 남원읍 서성로 788,,제주특별자치도 서귀포시 남원읍 서성로,33.3188775,126.6742738
가족 뮤지컬 <어린이 CAT>,2023-09-18,2023-09-18,제주특별자치도 서귀포시 대정읍 가파로 2,,제주특별자치도 서귀포시 대정읍 가파로,33.169671,126.2725676
도립제주교향악단 제163회 정기연주회,2023-09-19,2023-09-19,제주특별자치도 서귀포시 이어도로 668,,제주특별자치도 서귀포시 이어도로 668,33.2336881,126.4875701
2023 Rejoice Choir Concert,2023-09-20,2023-09-20,제주특별자치도 제주시 한림읍 한림중앙로 71-9,,제주특별자치도 제주시 한림읍 한림중앙로,33.4012313,126.2707027
봉화송이축제,2023-09-21,2023-09-24,,경상북도 봉화군 봉화읍 내성리 506,경상북도 봉화군 봉화읍 내성리,36.8868176,128.7407815
2023 원주 댄싱카니발,2023-09-22,2023-09-24,강원도 원주시 단구로 170,강원도 원주시 명륜동 345,강원도 원주시 단구로 170,37.3361369,127.9465482
제17회 기산국악제전,2023-09-22,2023-09-23,경상남도 산청군 단성면 상동길 69,경상남도 산청군 단성면 사월리 1399,경상남도 산청군 단성면 상동길,35.2767474,127.9324188
(미확정)동해무릉제,2023-09-22,2023-09-24,강원도 동해시 덕골길 10,강원도 동해시 천곡동 363-1,강원도 동해시 덕골길 10,37.5174126,129.1014448
사천읍성 문화축제,2023-09-22,2023-09-23,경상남도 사천시 사천읍 수양공원길 51,,경상남도 사천시 사천읍 수양공원길,35.0842694,128.0929385
2023 백제문화제,2023-09-23,2023-10-09,충청남도 부여군 부여읍 백강로 135,충청남도 부여군 부여읍 구교리 15-3,충청남도 부여군 부여읍 백강로,36.2845361,126.9043263
2023 세계유산축전 수원화성,2023-09-23,2023-10-14,경기도 수원시 팔달구 정조로 825,경기도 수원시 팔달구 남창동 6-2,경기도 수원시 팔달구 정조로,37.2760021,127.0155369
시(詩)를 노래하는 달빛 콘서트,2023-09-23,2023-09-03,대구광역시 달서구 월곡로 5,대구광역시 달서구 도원동 898-1,대구광역시 달서구 월곡로 5,35.7981341,128.547738
용인어린이상상의숲 가을특별행사 온 가족이 함께하는 <상상북크닉>,2023-09-23,2023-09-23,경기도 용인시 처인구 동백죽전대로 61,경기도 용인시 처인구 삼가동 28-6,경기도 용인시 처인구 동백죽전대로,37.2516527,127.1659836
구미한가위 전통연희축제,2023-09-29,2023-09-30,,경상북도 구미시 남통동 289-3,경상북도 구미시 남통동 289-3,36.1112732,128.3139749
광양숯불구이축제,2023-10-01,2023-10-01,전라남도 광양시 광양읍 남등길 6,전라남도 광양시 광양읍 칠성리 946,전라남도 광양시 광양읍 남등길,34.9724909,127.5803806
용전들노래 가을걷이 한마당,2023-10-01,2023-10-31,광주광역시 북구 용전마을길 42(용전동),광주광역시 북구 용전동 171-3,광주광역시 북구 용전마을길 42,35.2387596,126.8972191
비산나루터 문화축제,2023-10-01,2023-10-31,,경상북도 구미시 비산동 1,경상북도 구미시 비산동 1,36.123986,128.3840483
제10회 수영강변축제,2023-10-01,2023-10-01,부산광역시 해운대구 중동2로 11,부산광역시 해운대구 중동 1378-95,부산광역시 해운대구 중동2로 11,35.1629739,129.1637236
제11회 재송포축제,2023-10-01,2023-10-01,부산광역시 해운대구 중동2로 11,부산광역시 해운대구 중동 1378-95,부산광역시 해운대구 중동2로 11,35.1629739,129.1637236
장산제,2023-10-01,2023-10-01,부산광역시 해운대구 중동2로 11,부산광역시 해운대구 중동 1378-95,부산광역시 해운대구 중동2로 11,35.1629739,129.1637236
제20회 담안골 문화축제,2023-10-01,2023-10-01,부산광역시 해운대구 중동2로 11,부산광역시 해운대구 중동 1378-95,부산광역시 해운대구 중동2로 11,35.1629739,129.1637236
달맞이언덕 인문학 축제,2023-10-01,2023-10-01,부산광역시 해운대구 중동2로 11,부산광역시 해운대구 중동 1378-95,부산광역시 해운대구 중동2로 11,35.1629739,129.1637236
증평인삼골축제,2023-10-01,2023-10-01,충청북도 증평군 증평읍 문화로 7,충청북도 증평군 증평읍 증평리 563,충청북도 증평군 증평읍 문화로,36.7843472,127.5903363
구미 독서문화 축제,2023-10-01,2023-10-31,경상북도 구미시 경은로 85,,경상북도 구미시 경은로 85,36.1136102,128.3359928
치악산한우축제,2023-10-01,2023-10-01,강원도 원주시 단구로 170,강원도 원주시 명륜동 345,강원도 원주시 단구로 170,37.3361369,127.9465482
최계란 선생 대구아리랑제,2023-10-01,2023-10-01,대구광역시 동구 팔공로50길 66,,대구광역시 동구 팔공로50길 66,35.9213461,128.6506826
동백섬문화관광축제,2023-10-01,2023-10-01,부산광역시 해운대구 중동2로 11,부산광역시 해운대구 중동 1378-95,부산광역시 해운대구 중동2로 11,35.1629739,129.1637236
원주 독서대전,2023-10-01,2023-10-01,강원도 원주시 단구로 170,강원도 원주시 명륜동 345,강원도 원주시 단구로 170,37.3361369,127.9465482
양양 송이&연어축제,2023-10-04,2023-10-08,,강원도 양양군 양양읍 남문리 226-2,강원도 양양군 양양읍 남문리,38.0720146,128.6208156
부산국제영화제 전야제,2023-10-04,2023-10-04,부산광역시 중구 비프광장로 36,부산광역시 중구 남포동5가 18-1,부산광역시 중구 비프광장로 36,35.0986158,129.0287567
천안흥타령춤축제,2023-10-05,2022-10-09,충청남도 천안시 서북구 번영로 208,,충청남도 천안시 서북구 번영로,36.8374187,127.1221731
구로G페스티벌,2023-10-06,2023-10-08,서울특별시 구로구 가마산로 245,서울특별시 구로구 구로동 435,서울특별시 구로구 가마산로 245,37.4952909,126.8876545
제11회 연수 능허대 문화축제,2023-10-06,2023-10-08,,인천광역시 연수구 송도동 1,인천광역시 연수구 송도동 1,37.3952846,126.6597511
2023 군산시간여행축제,2023-10-06,2023-10-09,전라북도 군산시 중앙로 178,전라북도 군산시 중앙로1가 11-1,전라북도 군산시 중앙로 178,35.9841883,126.7144643
원주 평생학습 축제,2023-10-06,2023-10-07,강원도 원주시 원일로 139,강원도 원주시 일산동 211,강원도 원주시 원일로 139,37.3515729,127.9468045
단양온달문화축제,2023-10-06,2023-10-09,충청북도 단양군 단양읍 중앙1로 10,충청북도 단양군 단양읍 별곡리 300,충청북도 단양군 단양읍 중앙1로,36.9857954,128.3669828
삼척동해왕이사부축제,2023-10-06,2023-10-08,강원도 강원도 삼척시 엑스포로 45,강원도 강원도 삼척시청 성남동 1-5,강원도 강원도 삼척시 엑스포로,37.4367707,129.1549656
제6회의성슈퍼푸드마늘축제,2023-10-06,2023-10-08,경상북도 의성군 의성읍 군청길 31,경상북도 의성군 의성읍 후죽리 509-2,경상북도 의성군 의성읍 군청길,36.3523738,128.6987284
생거진천 문화축제,2023-10-06,2023-10-08,충청북도 진천군 진천읍 백사천길 17,충청북도 진천군 진천읍 읍내리 209-9,충청북도 진천군 진천읍 백사천길,36.8597692,127.4500455
자라섬 국제재즈페스티벌,2023-10-06,2023-10-09,경기도 가평군 가평읍 자라섬로 60,경기도 가평군 가평읍 달전리 산7,경기도 가평군 가평읍 자라섬로,37.8197681,127.5180134
금산인삼축제,2023-10-06,2023-10-15,충청남도 금산군 금산읍 인삼광장로 30,충청남도 금산군 금산읍 신대리 392,충청남도 금산군 금산읍 인삼광장로,36.0995894,127.5004625
안성맞춤 남사당 바우덕이 축제,2023-10-06,2023-10-09,경기도 안성시 보개면 남사당로 198,경기도 안성시 보개면 복평리 303-3번지,경기도 안성시 보개면 남사당로,37.0432724,127.3095235
곡성심청어린이대축제,2023-10-06,2023-10-09,전라남도 곡성군 오곡면 기차마을로 233,전라남도 곡성군 오곡면 오지리 770-5,전라남도 곡성군 오곡면 기차마을로,35.2741688,127.3115193
2023년 외솔한글한마당,2023-10-06,2023-10-09,울산광역시 중구 시계탑거리 4,,울산광역시 중구 시계탑거리 4,35.5551142,129.3216031
황룡강 가을꽃축제,2023-10-07,2023-10-15,,전라남도 장성군 장성읍 기산리 461-1,전라남도 장성군 장성읍 기산리,35.3041909,126.7728683
용마폭포 문화예술축제,2023-10-07,2023-10-08,서울특별시 중랑구 용마산로 250-12,서울특별시 중랑구 면목동 산 1-4,서울특별시 중랑구 용마산로 250-12,37.573234,127.0912609
종교연합바자회,2023-10-07,2023-10-07,서울특별시 강북구 인수봉로 159,서울특별시 강북구 수유동 498-16,서울특별시 강북구 인수봉로 159,37.6345142,127.0113541
영천보현산별빛축제,2023-10-07,2023-10-09,경상북도 영천시 화북면 별빛로 681-32,경상북도 영천시 화북면 정각리 689,경상북도 영천시 화북면 별빛로,36.1259074,128.9706236
부산국제록페스티벌,2023-10-07,2023-10-08,부산광역시 사상구 낙동대로 1231,부산광역시 사상구 삼락동 617-3,부산광역시 사상구 낙동대로 1231,35.1591498,128.9754907
제60회 수원화성문화제,2023-10-07,2023-10-09,경기도 수원시 팔달구 정조로 825,경기도 수원시 팔달구 남창동 6-2,경기도 수원시 팔달구 정조로,37.2760021,127.0155369
2023년 은계호수공원 가을콘서트,2023-10-07,2023-10-08,,경기도 시흥시 계수동 716,경기도 시흥시 계수동 716,37.4517466,126.8121631
진주남강유등축제,2023-10-08,2023-10-22,경상남도 진주시 남강로 626,경상남도 진주시 본성동 415,경상남도 진주시 남강로 626,35.1899492,128.0809347
2023 정조대왕 능행차 공동재현,2023-10-08,2023-10-09,경기도 수원시 팔달구 정조로 825,경기도 수원시 팔달구 남창동 6-2,경기도 수원시 팔달구 정조로,37.2760021,127.0155369
제50회 지리산평화제,2023-10-10,2023-10-14,경상남도 산청군 시천면 지리산대로 520,경상남도 산청군 시천면 중산리 519,경상남도 산청군 시천면 지리산대로,35.2785867,127.7926379
용암산성 옥샘문화재,2023-10-10,2023-10-10,대구광역시 동구 팔공로24길 171,,대구광역시 동구 팔공로24길 171,35.910042,128.6499725
제42회설성문화제,2023-10-12,2023-10-15,충청북도 음성군 음성읍 수정로 38,충청북도 음성군 음성읍 읍내리 446-1,충청북도 음성군 음성읍 수정로,36.9350175,127.6910928
부산자갈치축제,2023-10-12,2023-10-15,부산광역시 중구 자갈치해안로 52,부산광역시 중구 남포동4가 37-1,부산광역시 중구 자갈치해안로 52,35.096718,129.0311198
202청도세계코미디아트페스티벌,2023-10-13,2023-10-15,경상북도 청도군 화양읍 청려로 1846,경상북도 청도군 화양읍 동천리 450,경상북도 청도군 화양읍 청려로,35.653014,128.7115611
예산장터삼국축제,2023-10-13,2023-10-19,충청남도 예산군 예산읍 천변로 160,충청남도 예산군 예산읍 대회리 233-4,충청남도 예산군 예산읍 천변로,36.6798884,126.8432427
2023청도반시축제,2023-10-13,2023-10-15,경상북도 청도군 화양읍 청려로 1846,경상북도 청도군 화양읍 동천리 457,경상북도 청도군 화양읍 청려로,35.653014,128.7115611
보은대추축제,2023-10-13,2023-10-22,충청북도 보은군 보은읍 군청길 38,충청북도 보은군 보은읍 이평리 45,충청북도 보은군 보은읍 군청길,36.4873421,127.7286098
희망달서 큰잔치,2023-10-13,2023-10-15,대구광역시 달서구 문화회관길 160(장기동),대구광역시 달서구 장기동 722-1,대구광역시 달서구 문화회관길 160,35.8432116,128.5227107
2023 관악강감찬축제,2023-10-13,2023-10-15,서울특별시 관악구 낙성대로 77,서울특별시 관악구 봉천동 228,서울특별시 관악구 낙성대로 77,37.4711594,126.9601859
아트페스타인제주,2023-10-13,2023-10-22,,제주특별자치도 제주시 일도1동 1146-22,제주특별자치도 제주시 일도1동 1146-22,33.5130207,126.5272881
동래읍성역사축제,2023-10-13,2023-10-15,부산광역시 동래구 문화로 80(명륜동),부산광역시 동래구 명륜동 137,부산광역시 동래구 문화로 80,35.2119855,129.0900989
영산강 서창들녁 억새축제,2023-10-13,2023-10-22,광주광역시 서구 서창둑길 377,광주광역시 서구 벽진동 505-1,광주광역시 서구 서창둑길 377,35.1384266,126.8287618
영도다리축제,2023-10-13,2023-10-15,부산광역시 영도구 해양로 301번길 55,부산광역시 영도구 동삼동 1165,부산광역시 영도구 해양로 301번길,35.079258,129.0783351
보수동책방골목문화축제,2023-10-13,2023-10-15,부산광역시 중구 흑교로46번길 11,부산광역시 중구 보수동1가 119-6,부산광역시 중구 흑교로46번길 11,35.103601,129.026191
개천예술제,2023-10-13,2023-10-22,경상남도 진주시 남강로 626,경상남도 진주시 본성동 415,경상남도 진주시 남강로 626,35.1899492,128.0809347
코리아드라마페스티벌,2023-10-13,2022-10-22,,경상남도 진주시 장대동 356-17,경상남도 진주시 장대동 356-17,35.1904047,128.0876959
대전효문화뿌리축제,2023-10-13,2023-10-15,대전광역시 중구 뿌리공원로 47,대전광역시 중구 안영동 71-2,대전광역시 중구 뿌리공원로 47,36.2853792,127.3830946
제15회 불교문화제전,2023-10-14,2023-10-14,,경상남도 산청군 단성면 묵곡리 949,경상남도 산청군 단성면 묵곡리,35.2779177,127.972267
인천생활문화축제,2023-10-14,2023-10-14,인천광역시 중구 내항로 67,,인천광역시 중구 내항로 67,37.4582148,126.616142
황매산 억새 축제,2023-10-14,2023-10-29,경상남도 합천군 가회면 황매산공원길 4,경상남도 합천군 가회면 둔내리 1319,경상남도 합천군 가회면 황매산공원길,35.4854452,127.9936282
구민화합 어울림한마당,2023-10-15,2023-10-15,대구광역시 동구 금호강변로 278,,대구광역시 동구 금호강변로 278,35.8599123,128.6944799
제16회 마포나루 새우젓축제,2023-10-20,2023-10-22,서울특별시 마포구 월드컵로 243-60(성산동),서울특별시 마포구 성산동 390-1,서울특별시 마포구 월드컵로 243-60,37.5637597,126.8963774
제47회 남명선비문화축제,2023-10-20,2023-10-21,경상남도 산청군 시천면 남명로240번길 33,경상남도 산청군 시천면 사리 900-27,경상남도 산청군 시천면 남명로240번길,35.2763406,127.8443616
제천의병제,2023-10-20,2022-10-22,충청북도 제천시 의림대로 125,충청북도 제천시 중앙로2가 26-1,충청북도 제천시 의림대로 125,37.139636,128.2106426
홍성한우바비큐페스티벌,2023-10-20,2023-10-22,충청남도 홍성군 홍성읍 아문길 27,충청남도 홍성군 홍성읍 오관리 98,충청남도 홍성군 홍성읍 아문길,36.6003442,126.6625582
합천기록문화축제,2023-10-21,2023-11-05,경상남도 합천군 가야면 가야산로 1160,경상남도 합천군 가야면 야천리 943,경상남도 합천군 가야면 가야산로,35.7797837,128.1103261
삼척평생학습박람회 및 책축제,2023-10-21,2023-10-22,강원도 강원도 삼척시청 청석로3길 16-41,강원도 강원도 삼척시청 교동 736,강원도 강원도 삼척시청 청석로3길,37.4489762,129.1770874
여수동동북축제,2023-10-21,2023-10-22,전라남도 여수시 소호로 606,전라남도 여수시 학동 201,전라남도 여수시 소호로 606,34.7561219,127.6586248
대한민국 국향대전,2023-10-21,2023-11-06,전라남도 함평군 함평읍 곤재로 27,전라남도 함평군 함평읍 수호리 1153-1,전라남도 함평군 함평읍 곤재로,35.0548493,126.5187247
제20회 사상강변축제,2023-10-21,2023-10-22,부산광역시 사상구 낙동대로 1310번길 19(삼락동),,부산광역시 사상구 낙동대로 1310번길,35.176769,128.9782282
천만송이 국화축제,2023-10-21,2023-10-30,전라북도 익산시 하나로 322,,전라북도 익산시 하나로 322,35.9492379,126.9860638
벌교꼬막축제,2023-10-27,2023-10-29,,전라남도 보성군 벌교읍 회정리 663-1,전라남도 보성군 벌교읍 회정리,34.8493806,127.3546527
예산황토사과축제,2023-10-28,2023-10-29,충청남도 예산군 예산읍 역전로 61-4,,충청남도 예산군 예산읍 역전로,36.6864234,126.8296873
여수밤바다 불꽃축제,2023-10-28,2023-10-28,,전라남도 여수시 중앙동 385-6,전라남도 여수시 중앙동 385-6,34.7388878,127.7361586
회남재 숲길걷기,2023-10-28,2023-10-28,경상남도 하동군 청암면 삼성궁길 86-15,,경상남도 하동군 청암면 삼성궁길,35.2393996,127.7029044
구미 푸드페스티벌,2023-10-28,2023-10-29,,경상북도 구미시 송정동 505,경상북도 구미시 송정동 505,36.1160994,128.3470238
치악산배축제,2023-11-01,2023-11-01,강원도 원주시 무실로 182,강원도 원주시 단계동 803-2,강원도 원주시 무실로 182,37.3411012,127.9388557
2023년 강남심포니오케스트라 제100회 정기연주회,2023-11-01,2023-11-01,서울특별시 송파구 올림픽로 300 롯데월드몰,,서울특별시 송파구 올림픽로 300,37.5131008,127.1034334
서천철새여행,2023-11-01,2023-11-01,충청남도 서천군 마서면 장산로 916,충청남도 서천군 마서면 도삼리 59,충청남도 서천군 마서면 장산로,36.0130471,126.7348235
가로수사랑음악회,2023-11-01,2023-11-30,전라남도 담양군 담양읍 지침3길 7-5,전라남도 담양군 담양읍 지침리 132-28,전라남도 담양군 담양읍 지침3길,35.3160988,126.9844717
제18회 부산불꽃축제,2023-11-01,2023-11-01,부산광역시 해운대구 중동2로 11,부산광역시 해운대구 중동 1378-95,부산광역시 해운대구 중동2로 11,35.1629739,129.1637236
영도커피페스티벌,2023-11-03,2023-11-05,부산광역시 영도구 해양로 301번길 55,부산광역시 영도구 동삼동 1165,부산광역시 영도구 해양로 301번길,35.079258,129.0783351
반계리 은행나무축제,2023-11-04,2023-11-04,,강원도 원주시 문막읍 반계리 1495-1,강원도 원주시 문막읍 반계리,37.2972231,127.7783226
동인천 낭만시장,2023-11-04,2023-11-05,,인천광역시 동구 송현동(동인천역 북광장),인천광역시 동구 송현동,37.4868933,126.6398965
사천예술제,2023-11-04,2023-11-04,경상남도 사천시 삼천포대교로 471,,경상남도 사천시 삼천포대교로 471,34.9398379,128.0755158
부산불꽃축제,2023-11-04,2023-11-04,부산광역시 수영구 광안해변로 219,부산광역시 수영구 광안동 192-16,부산광역시 수영구 광안해변로 219,35.1537703,129.1184881
의좋은형제축제,2023-11-04,2023-11-05,충청남도 예산군 대흥면 의좋은형제길 3,충청남도 예산군 대흥면 상중리 274-1,충청남도 예산군 대흥면 의좋은형제길,36.6053851,126.7847103
진주국제농식품박람회,2023-11-08,2023-11-12,경상남도 진주시 동진로 415,경상남도 진주시 충무공동 8,경상남도 진주시 동진로 415,35.1828367,128.1355786
구미 라면축제,2023-11-10,2023-11-12,경상북도 구미시 원남로 8길 13,,경상북도 구미시 원남로 8길,36.1263539,128.3311461
2023 어린이동화페스티벌,2023-11-12,2023-11-12,서울특별시 관악구 신림로 3길 35,서울특별시 관악구 신림동 209-1,서울특별시 관악구 신림로 3길,37.4673684,126.9439578
왕버들기원제,2023-11-16,2023-11-16,,광주광역시 북구 충효동 911,광주광역시 북구 충효동 911,35.1848322,127.0009375
제5회 진안고원 가족공동체 김장문화축제,2023-11-18,2023-11-19,전라북도 진안군 진안읍 시장길 8-17,전라북도 진안군 진안읍 군상리 406-8,전라북도 진안군 진안읍 시장길,35.7925343,127.4292516
크리스마스 마켓,2023-11-20,2023-12-24,경기도 오산시 원동로37번길 37-1,경기도 오산시 원동 794,경기도 오산시 원동로37번길 37-1,37.1453702,127.0702336
마량포 해넘이.해돋이 축제,2023-12-01,2024-01-01,충청남도 서천군 서면 서인로 56,충청남도 서천군 서면 마량리 339-6,충청남도 서천군 서면 서인로,36.1458964,126.5323022
제10회 해운대 빛축제,2023-12-01,2023-12-01,부산광역시 해운대구 중동2로 11,부산광역시 해운대구 중동 1378-95,부산광역시 해운대구 중동2로 11,35.1629739,129.1637236
광복로겨울빛트리축제,2023-12-01,2024-01-31,부산광역시 중구 광복중앙로 2,부산광역시 중구 광복동2가 6-5,부산광역시 중구 광복중앙로 2,35.0995056,129.0314652
제36회 해운대북극곰축제,2023-12-01,2023-12-01,부산광역시 해운대구 중동2로 11,부산광역시 해운대구 중동 1378-95,부산광역시 해운대구 중동2로 11,35.1629739,129.1637236
제7회 제주국제합창축제&심포지움,2023-12-01,2023-12-01,제주특별자치도 제주시 한경면 노을해안로 1100,,제주특별자치도 제주시 한경면 노을해안로,33.2978379,126.167856
2023 신춘음악회,2023-12-02,2023-12-02,제주특별자치도 서귀포시 남원읍 신례동로 256,,제주특별자치도 서귀포시 남원읍 신례동로,33.3000025,126.635697
베르사유 궁전 왕립 오페라 오케스트라 내한공연,2023-12-03,2023-12-03,제주특별자치도 제주시 관덕로 19,,제주특별자치도 제주시 관덕로 19,33.5133704,126.5214334
히사이조 영화음악 콘서트,2023-12-04,2023-12-04,제주특별자치도 제주시 관덕로 11길 6,,제주특별자치도 제주시 관덕로 11길,33.5147271,126.5254922
히사이조 영화음악 콘서트,2023-12-05,2023-12-05,제주특별자치도 제주시 신대로12길 52,,제주특별자치도 제주시 신대로12길 52,33.4890539,126.4914878
제주국제관악제 - 봄시즌,2023-12-06,2023-12-06,제주특별자치도 서귀포시 안덕면 일주서로2100번길 46,,제주특별자치도 서귀포시 안덕면 일주서로2100번길,33.2579183,126.2941
국립남도국악원 대표작품 <섬>,2023-12-07,2023-12-07,제주특별자치도 서귀포시 표선면 돈오름로 170,,제주특별자치도 서귀포시 표선면 돈오름로,33.3311619,126.8093177
국립남도국악원 대표작품 <섬>,2023-12-08,2023-12-08,제주특별자치도 제주시 관덕로 19,,제주특별자치도 제주시 관덕로 19,33.5133704,126.5214334
금난세와 함께하는 CBS 평화콘서트,2023-12-09,2023-12-09,제주특별자치도 서귀포시 남원읍 신례동로 256,,제주특별자치도 서귀포시 남원읍 신례동로,33.3000025,126.635697
도립제주합창단 109회 정기연주회,2023-12-10,2023-12-10,제주특별자치도 제주시 한림읍 한림로 300,,제주특별자치도 제주시 한림읍 한림로,33.4007497,126.2436908
제주프라임필하모니오케스트라 협주곡의밤,2023-12-11,2023-12-11,제주특별자치도 서귀포시 산록남로 2847-37,,제주특별자치도 서귀포시 산록남로 2847-37,33.3067015,126.5852773
서귀포관악단과 함께하는 2023 신년음악회,2023-12-12,2023-12-12,제주특별자치도 제주시 한림읍 한림로 300,,제주특별자치도 제주시 한림읍 한림로,33.4007497,126.2436908
도립제주합창단108회 정기연주회,2023-12-13,2023-12-13,제주특별자치도 제주시 한림읍 한림로 300,,제주특별자치도 제주시 한림읍 한림로,33.4007497,126.2436908
가족 뮤지컬 <어린이 CAT>,2023-12-14,2023-12-14,제주특별자치도 서귀포시 표선면 녹산로 381-15,,제주특별자치도 서귀포시 표선면 녹산로,33.396036,126.729377
2023년 강남심포니오케스트라 제101회 정기연주회,2023-12-19,2023-12-19,서울특별시 송파구 올림픽로 300 롯데월드몰,,서울특별시 송파구 올림픽로 300,37.5131008,127.1034334
담양산타축제,2023-12-23,2023-12-25,전라남도 담양군 담양읍 메타프로방스 1길 17,전라남도 담양군 담양읍 학동리 586-1,전라남도 담양군 담양읍 메타프로방스,35.3219335,127.0018244
용인어린이상상의숲 특별행사 <메리 상상 크리스마스>,2023-12-24,2023-12-24,경기도 용인시 처인구 동백죽전대로 61,경기도 용인시 처인구 삼가동 28-6,경기도 용인시 처인구 동백죽전대로,37.2516527,127.1659836
정서진 해넘이 행사,2023-12-31,2023-12-31,인천광역시 서구 정서진1로 41,인천광역시 서구 오류동 1563,인천광역시 서구 정서진1로 41,37.557851,126.6066236
2024 카운트다운&해맞이 축제,2023-12-31,2024-01-01,부산광역시 해운대구 중동2로 11,부산광역시 해운대구 중동 1378-95,부산광역시 해운대구 중동2로 11,35.1629739,129.1637236
부산시민의종 타종식,2023-12-31,2024-01-01,부산광역시 중구 용두산길 37-55(광복동2가),부산광역시 중구 동광동2가 17-6,부산광역시 중구 용두산길 37-55,35.1006679,129.0324484
여수향일암일출기원한마당,2023-12-31,2024-01-01,전라남도 여수시 향일암로 60 종무소,전라남도 여수시 돌산읍 율림리 산7,전라남도 여수시 향일암로 60,34.5927335,127.8035302
